{
  "values": [
    [
      0.6497585,
      0.7748257,
      1.0,
      -0.5823408,
      0.806785762,
      3.04017282
    ],
    [
      0.5,
      0.5,
      0.5,
      0.5,
      0.5
    ],
    [
      0.500003755,
      0.500003755,
      0.500003755,
      0.500003755,
      0.500003755
    ],
    [
      0.502321959,
      0.502321959,
      0.502321959,
      0.502321959,
      0.502321959
    ],
    [
      0.413001776,
      0.5869982,
      0.4537699
    ]
  ],
  "biases": [
    [
      0.0,
      0.0,
      0.0,
      0.0,
      0.0,
      0.0
    ],
    [
      -2.61613762E-33,
      -1.649242E-33,
      -2.39358623E-33,
      -2.11555628E-33,
      -1.957108E-33
    ],
    [
      4.363911E-06,
      4.363911E-06,
      4.363911E-06,
      4.363911E-06,
      4.363911E-06
    ],
    [
      0.00263867038,
      0.00263867038,
      0.00263867038,
      0.00263867038,
      0.00263867038
    ],
    [
      -0.100127064,
      0.100127064,
      -0.0263376478
    ]
  ],
  "weights": [
    [
      [
        2.98743473E-31,
        1.26160571E-30,
        6.970046E-31,
        6.00960343E-31,
        1.55080167E-30,
        1.55571891E-30
      ],
      [
        4.20197524E-31,
        1.08085812E-30,
        1.623008E-30,
        1.46082548E-30,
        1.63592138E-30,
        1.46477458E-31
      ],
      [
        1.36171664E-30,
        9.1771996E-32,
        1.27265648E-30,
        1.10742448E-30,
        6.16086746E-31,
        1.417727E-30
      ],
      [
        6.4293687E-31,
        1.36111913E-31,
        5.60783451E-31,
        2.32111916E-31,
        1.04393208E-30,
        9.856424E-31
      ],
      [
        2.335452E-31,
        1.894579E-31,
        1.52666793E-30,
        6.594208E-31,
        6.70074474E-31,
        7.8417703E-31
      ]
    ],
    [
      [
        2.18195555E-06,
        2.18195555E-06,
        2.18195555E-06,
        2.18195555E-06,
        2.18195555E-06
      ],
      [
        2.18195555E-06,
        2.18195555E-06,
        2.18195555E-06,
        2.18195555E-06,
        2.18195555E-06
      ],
      [
        2.18195555E-06,
        2.18195555E-06,
        2.18195555E-06,
        2.18195555E-06,
        2.18195555E-06
      ],
      [
        2.18195555E-06,
        2.18195555E-06,
        2.18195555E-06,
        2.18195555E-06,
        2.18195555E-06
      ],
      [
        2.18195555E-06,
        2.18195555E-06,
        2.18195555E-06,
        2.18195555E-06,
        2.18195555E-06
      ]
    ],
    [
      [
        0.00131934229,
        0.00131934229,
        0.00131934229,
        0.00131934229,
        0.00131934229
      ],
      [
        0.00131934229,
        0.00131934229,
        0.00131934229,
        0.00131934229,
        0.00131934229
      ],
      [
        0.00131934229,
        0.00131934229,
        0.00131934229,
        0.00131934229,
        0.00131934229
      ],
      [
        0.00131934229,
        0.00131934229,
        0.00131934229,
        0.00131934229,
        0.00131934229
      ],
      [
        0.00131934229,
        0.00131934229,
        0.00131934229,
        0.00131934229,
        0.00131934229
      ]
    ],
    [
      [
        -0.05029222,
        -0.05029222,
        -0.05029222,
        -0.05029222,
        -0.05029222
      ],
      [
        0.05029222,
        0.05029222,
        0.05029222,
        0.05029222,
        0.05029222
      ],
      [
        -0.0132291652,
        -0.0132291652,
        -0.0132291652,
        -0.0132291652,
        -0.0132291652
      ]
    ]
  ],
  "desiredValues": [
    [
      -0.9264482,
      -0.8781664,
      -1.656878,
      -1.21668911,
      -1.67143369,
      -1.58516109
    ],
    [
      0.0,
      0.0,
      0.0,
      0.0,
      0.0
    ],
    [
      0.0,
      0.0,
      0.0,
      0.0,
      0.0
    ],
    [
      0.0,
      0.0,
      0.0,
      0.0,
      0.0
    ],
    [
      0.0,
      0.0,
      0.0
    ]
  ],
  "biasesSmudge": [
    [
      0.0,
      0.0,
      0.0,
      0.0,
      0.0,
      0.0
    ],
    [
      0.0,
      0.0,
      0.0,
      0.0,
      0.0
    ],
    [
      0.0,
      0.0,
      0.0,
      0.0,
      0.0
    ],
    [
      0.0,
      0.0,
      0.0,
      0.0,
      0.0
    ],
    [
      0.0,
      0.0,
      0.0
    ]
  ],
  "weightsSmudge": [
    [
      [
        0.0,
        0.0,
        0.0,
        0.0,
        0.0,
        0.0
      ],
      [
        0.0,
        0.0,
        0.0,
        0.0,
        0.0,
        0.0
      ],
      [
        0.0,
        0.0,
        0.0,
        0.0,
        0.0,
        0.0
      ],
      [
        0.0,
        0.0,
        0.0,
        0.0,
        0.0,
        0.0
      ],
      [
        0.0,
        0.0,
        0.0,
        0.0,
        0.0,
        0.0
      ]
    ],
    [
      [
        0.0,
        0.0,
        0.0,
        0.0,
        0.0
      ],
      [
        0.0,
        0.0,
        0.0,
        0.0,
        0.0
      ],
      [
        0.0,
        0.0,
        0.0,
        0.0,
        0.0
      ],
      [
        0.0,
        0.0,
        0.0,
        0.0,
        0.0
      ],
      [
        0.0,
        0.0,
        0.0,
        0.0,
        0.0
      ]
    ],
    [
      [
        0.0,
        0.0,
        0.0,
        0.0,
        0.0
      ],
      [
        0.0,
        0.0,
        0.0,
        0.0,
        0.0
      ],
      [
        0.0,
        0.0,
        0.0,
        0.0,
        0.0
      ],
      [
        0.0,
        0.0,
        0.0,
        0.0,
        0.0
      ],
      [
        0.0,
        0.0,
        0.0,
        0.0,
        0.0
      ]
    ],
    [
      [
        0.0,
        0.0,
        0.0,
        0.0,
        0.0
      ],
      [
        0.0,
        0.0,
        0.0,
        0.0,
        0.0
      ],
      [
        0.0,
        0.0,
        0.0,
        0.0,
        0.0
      ]
    ]
  ],
  "WeightDecay": 0.75,
  "LearningRate": 0.001
}